Date,Product,Region,Quantity,Unit_Price,Sales,Profit
2026-01-01 00:00:00.000000000,Keyboard,South,2,2500,5000,985.22
2026-01-02 12:18:09.075630252,Mouse,North,3,500,1500,134.84
2026-01-04 00:36:18.151260504,Headphones,West,1,4000,4000,942.35
2026-01-05 12:54:27.226890756,Mouse,East,5,2500,12500,1940.0
2026-01-07 01:12:36.302521008,Mouse,East,1,4000,4000,483.06
2026-01-08 13:30:45.378151260,Mobile,South,8,1200,9600,921.2
2026-01-10 01:48:54.453781512,Headphones,West,1,2500,2500,277.72
2026-01-11 14:07:03.529411764,Headphones,North,1,1200,1200,286.66
2026-01-13 02:25:12.605042016,Headphones,East,2,500,1000,188.51
2026-01-14 14:43:21.680672268,Mouse,West,2,500,1000,167.84
2026-01-16 03:01:30.756302521,Keyboard,West,6,2500,15000,2875.63
2026-01-17 15:19:39.831932773,Headphones,South,7,2500,17500,2696.13
2026-01-19 03:37:48.907563025,Monitor,East,5,6000,30000,6123.2
2026-01-20 15:55:57.983193277,Mouse,East,1,4000,4000,352.45
2026-01-22 04:14:07.058823529,Mobile,North,1,6000,6000,1057.36
2026-01-23 16:32:16.134453781,Keyboard,East,3,4000,12000,1283.64
2026-01-25 04:50:25.210084033,Monitor,North,2,6000,12000,1205.14
2026-01-26 17:08:34.285714285,Monitor,East,5,1200,6000,828.72
2026-01-28 05:26:43.361344537,Mobile,South,10,2500,25000,2390.15
2026-01-29 17:44:52.436974790,Keyboard,East,6,500,3000,288.02
2026-01-31 06:03:01.512605042,Mouse,North,7,4000,28000,3722.33
2026-02-01 18:21:10.588235294,Laptop,North,4,4000,16000,3944.27
2026-02-03 06:39:19.663865546,Keyboard,South,7,500,3500,384.32
2026-02-04 18:57:28.739495798,Mobile,East,8,6000,48000,3980.03
2026-02-06 07:15:37.815126050,Monitor,East,1,4000,4000,839.09
2026-02-07 19:33:46.890756302,Mouse,South,6,1200,7200,1563.66
2026-02-09 07:51:55.966386554,Keyboard,East,8,2500,20000,2777.43
2026-02-10 20:10:05.042016806,Laptop,East,5,500,2500,397.49
2026-02-12 08:28:14.117647058,Laptop,North,4,2500,10000,1904.62
2026-02-13 20:46:23.193277310,Headphones,East,2,4000,8000,705.36
2026-02-15 09:04:32.268907563,Headphones,East,6,4000,24000,5792.51
2026-02-16 21:22:41.344537815,Mobile,South,6,500,3000,692.21
2026-02-18 09:40:50.420168067,Keyboard,South,1,1200,1200,149.22
2026-02-19 21:58:59.495798319,Keyboard,West,9,800,7200,594.73
2026-02-21 10:17:08.571428571,Monitor,North,6,500,3000,716.05
2026-02-22 22:35:17.647058823,Monitor,East,3,800,2400,396.42
2026-02-24 10:53:26.722689075,Monitor,East,4,6000,24000,4120.66
2026-02-25 23:11:35.798319327,Headphones,West,4,800,3200,628.08
2026-02-27 11:29:44.873949580,Keyboard,East,3,1200,3600,664.9
2026-02-28 23:47:53.949579832,Keyboard,North,10,6000,60000,14427.69
2026-03-02 12:06:03.025210084,Laptop,West,3,800,2400,577.25
2026-03-04 00:24:12.100840336,Headphones,North,3,6000,18000,4093.63
2026-03-05 12:42:21.176470588,Mouse,West,4,800,3200,602.2
2026-03-07 01:00:30.252100840,Headphones,West,7,1200,8400,1815.76
2026-03-08 13:18:39.327731092,Mouse,South,4,800,3200,624.38
2026-03-10 01:36:48.403361344,Laptop,North,9,800,7200,1277.8
2026-03-11 13:54:57.478991596,Mobile,East,1,800,800,81.48
2026-03-13 02:13:06.554621848,Keyboard,East,8,500,4000,871.62
2026-03-14 14:31:15.630252100,Laptop,North,7,500,3500,768.28
2026-03-16 02:49:24.705882353,Keyboard,East,2,500,1000,186.41
2026-03-17 15:07:33.781512605,Monitor,East,8,1200,9600,2106.94
2026-03-19 03:25:42.857142857,Mobile,North,1,6000,6000,1144.51
2026-03-20 15:43:51.932773109,Mobile,West,9,4000,36000,4144.91
2026-03-22 04:02:01.008403361,Laptop,North,9,800,7200,911.33
2026-03-23 16:20:10.084033613,Mobile,West,2,800,1600,186.37
2026-03-25 04:38:19.159663865,Mouse,East,7,1200,8400,1210.73
2026-03-26 16:56:28.235294117,Mobile,East,10,800,8000,692.99
2026-03-28 05:14:37.310924369,Keyboard,East,3,500,1500,277.65
2026-03-29 17:32:46.386554621,Keyboard,South,7,4000,28000,3842.0
2026-03-31 05:50:55.462184874,Keyboard,West,10,2500,25000,4786.82
2026-04-01 18:09:04.537815126,Keyboard,South,9,800,7200,1047.73
2026-04-03 06:27:13.613445378,Mouse,South,4,500,2000,391.75
2026-04-04 18:45:22.689075630,Headphones,North,1,2500,2500,344.77
2026-04-06 07:03:31.764705882,Monitor,South,2,4000,8000,994.54
2026-04-07 19:21:40.840336134,Laptop,North,1,2500,2500,410.82
2026-04-09 07:39:49.915966386,Keyboard,North,5,500,2500,494.48
2026-04-10 19:57:58.991596638,Mobile,South,5,6000,30000,4176.52
2026-04-12 08:16:08.067226890,Keyboard,West,7,6000,42000,10047.67
2026-04-13 20:34:17.142857142,Mobile,West,9,2500,22500,1949.89
2026-04-15 08:52:26.218487394,Monitor,West,9,1200,10800,1631.35
2026-04-16 21:10:35.294117646,Monitor,West,3,2500,7500,1833.67
2026-04-18 09:28:44.369747898,Monitor,West,3,800,2400,415.57
2026-04-19 21:46:53.445378150,Mobile,South,3,800,2400,364.78
2026-04-21 10:05:02.521008402,Keyboard,South,4,6000,24000,4239.56
2026-04-22 22:23:11.596638654,Monitor,East,8,1200,9600,1707.91
2026-04-24 10:41:20.672268908,Mouse,West,6,500,3000,613.14
2026-04-25 22:59:29.747899160,Mobile,South,8,800,6400,650.93
2026-04-27 11:17:38.823529412,Mobile,East,1,6000,6000,735.02
2026-04-28 23:35:47.899159664,Keyboard,West,8,4000,32000,5718.16
2026-04-30 11:53:56.974789916,Mobile,North,4,6000,24000,5457.84
2026-05-02 00:12:06.050420168,Mobile,East,1,800,800,140.41
2026-05-03 12:30:15.126050420,Monitor,South,8,800,6400,771.59
2026-05-05 00:48:24.201680672,Keyboard,North,4,6000,24000,4693.77
2026-05-06 13:06:33.277310924,Monitor,North,6,500,3000,617.35
2026-05-08 01:24:42.352941176,Monitor,North,8,2500,20000,2410.0
2026-05-09 13:42:51.428571428,Keyboard,East,4,800,3200,461.48
2026-05-11 02:01:00.504201680,Laptop,South,3,6000,18000,3075.04
2026-05-12 14:19:09.579831932,Monitor,North,9,6000,54000,8878.43
2026-05-14 02:37:18.655462184,Mouse,West,3,1200,3600,526.45
2026-05-15 14:55:27.731092436,Mouse,North,9,2500,22500,2938.45
2026-05-17 03:13:36.806722688,Mobile,North,2,4000,8000,775.98
2026-05-18 15:31:45.882352940,Mouse,East,2,500,1000,89.09
2026-05-20 03:49:54.957983192,Mobile,East,2,4000,8000,1943.62
2026-05-21 16:08:04.033613444,Laptop,South,6,2500,15000,3360.22
2026-05-23 04:26:13.109243696,Keyboard,West,3,2500,7500,1052.5
2026-05-24 16:44:22.184873948,Keyboard,East,9,2500,22500,5459.76
2026-05-26 05:02:31.260504200,Keyboard,North,4,4000,16000,3120.81
2026-05-27 17:20:40.336134454,Mouse,South,1,2500,2500,405.07
2026-05-29 05:38:49.411764706,Laptop,North,4,6000,24000,3931.54
2026-05-30 17:56:58.487394958,Mouse,North,1,4000,4000,376.63
2026-06-01 06:15:07.563025210,Mouse,East,5,2500,12500,1194.87
2026-06-02 18:33:16.638655462,Laptop,South,4,6000,24000,4377.96
2026-06-04 06:51:25.714285714,Laptop,West,8,1200,9600,1671.64
2026-06-05 19:09:34.789915966,Laptop,West,8,2500,20000,2323.27
2026-06-07 07:27:43.865546218,Laptop,East,7,4000,28000,6743.89
2026-06-08 19:45:52.941176470,Keyboard,East,3,800,2400,510.77
2026-06-10 08:04:02.016806722,Headphones,South,1,2500,2500,248.22
2026-06-11 20:22:11.092436974,Headphones,West,1,800,800,190.61
2026-06-13 08:40:20.168067226,Laptop,West,3,6000,18000,4421.2
2026-06-14 20:58:29.243697478,Headphones,West,6,1200,7200,1795.02
2026-06-16 09:16:38.319327730,Headphones,North,7,500,3500,313.24
2026-06-17 21:34:47.394957982,Laptop,West,6,1200,7200,1478.13
2026-06-19 09:52:56.470588234,Headphones,North,6,2500,15000,2592.09
2026-06-20 22:11:05.546218486,Mouse,South,6,800,4800,959.96
2026-06-22 10:29:14.621848738,Mobile,North,3,800,2400,587.21
2026-06-23 22:47:23.697478990,Mobile,South,6,4000,24000,4727.16
2026-06-25 11:05:32.773109242,Laptop,West,8,800,6400,1422.62
2026-06-26 23:23:41.848739494,Keyboard,West,2,4000,8000,1818.94
2026-06-28 11:41:50.924369748,Laptop,South,5,6000,30000,6676.25
2026-06-30 00:00:00.000000000,Keyboard,East,1,500,500,76.22
